"LAT";"LON";"DATETIME";"distance";"distance2"
54.77127;18.99692;2016-12-19 11:29:01;684.26572475379;685.178911128112
54.76542;18.99361;2016-12-19 11:31:02;625.648723484421;626.482598562759
54.76007;18.99059;2016-12-19 11:33:02;630.681577205619;631.52307701852
54.75468;18.98753;2016-12-19 11:35:02;633.860625580941;634.704488773753
54.74926;18.98447;2016-12-19 11:37:02;631.042832457821;631.875699178699
54.74385;18.9815;2016-12-19 11:39:01;630.051168562007;630.892432418586
54.73847;18.97842;2016-12-19 11:41:02;721.498092812899;722.446929635953
54.73228;18.97505;2016-12-19 11:43:02;629.723372442641;630.547423595204
54.72687;18.97215;2016-12-19 11:45:02;628.483452798276;629.314592093354
54.72149;18.96915;2016-12-19 11:47:02;637.746246930625;638.588759818798
54.71603;18.96611;2016-12-19 11:49:02;628.970578072105;629.79851634725
54.71064;18.96314;2016-12-19 11:51:02;0;0
54.71064;18.96314;2016-12-19 11:53:01;950.65062786055;951.899404120045
54.70249;18.95867;2016-12-19 11:55:02;737.447737639763;738.44047030441
54.69622;18.95493;2016-12-19 11:57:02;633.224645811132;634.073594344448
54.69083;18.95175;2016-12-19 11:59:02;637.476674541079;638.324224162244
54.68539;18.94862;2016-12-19 12:01:09;739.149826123157;740.168635046755
54.67916;18.94461;2016-12-19 12:03:02;639.739991654008;640.622205424705
54.67377;18.94113;2016-12-19 12:05:02;640.070605848725;640.95875706646
54.66839;18.93759;2016-12-19 12:07:02;641.831868951399;642.733556441364
54.66302;18.93393;2016-12-19 12:09:02;654.502896997319;655.358444669202
54.65741;18.93085;2016-12-19 12:11:02;648.088140672198;648.903422690563
54.65179;18.92818;2016-12-19 12:13:02;649.829249149972;650.653452249583
54.64617;18.92541;2016-12-19 12:15:02;650.368100611919;651.194662554141
54.64055;18.92261;2016-12-19 12:17:02;646.403962153817;647.256508129734
54.63503;18.91946;2016-12-19 12:19:02;642.188774891542;643.140051527077
54.62977;18.91534;2016-12-19 12:21:11;640.720845070529;641.709435245136
54.62461;18.91091;2016-12-19 12:23:01;638.179962516684;639.186378391052
54.61952;18.90633;2016-12-19 12:25:02;643.765729324222;644.791420025292
54.61441;18.90163;2016-12-19 12:27:02;702.858044885246;703.981374064373
54.60884;18.89647;2016-12-19 12:29:02;654.439441939163;655.505344383688
54.6037;18.89152;2016-12-19 12:31:02;709.150687730756;710.374428204443
54.59829;18.88569;2016-12-19 12:33:02;651.908324518224;653.080706940407
54.59343;18.88003;2016-12-19 12:35:02;645.255395385214;646.50934741934
54.58885;18.87388;2016-12-19 12:37:01;651.033186626712;652.329936360981
54.58431;18.8675;2016-12-19 12:39:02;646.691271736674;647.994473757374
54.57984;18.86108;2016-12-19 12:41:02;644.548943728039;645.88776224017
54.57549;18.85447;2016-12-19 12:43:02;1307.2525224844;1309.95643711338
54.56664;18.84112;2016-12-19 12:47:01;330.937883424056;331.622337536634
54.5644;18.83774;2016-12-19 12:49:01;0;0
54.5644;18.83774;2016-12-19 12:51:02;0;0
54.5644;18.83774;2016-12-19 12:53:02;0;0
54.5644;18.83774;2016-12-19 12:55:01;3094.72259217231;3101.20851364381
54.54369;18.80568;2016-12-19 12:59:02;601.70875772723;602.986381361649
54.53971;18.79936;2016-12-19 13:01:02;0;0
54.53971;18.79936;2016-12-19 13:01:08;1213.93626210919;1216.37993848121
54.53133;18.7873;2016-12-19 13:05:02;0;0
54.53133;18.7873;2016-12-19 13:05:07;603.645374451882;604.858925904236
54.52716;18.78131;2016-12-19 13:07:10;0;0
54.52716;18.78131;2016-12-19 13:07:15;603.645352222274;604.862477099128
54.523;18.7753;2016-12-19 13:09:01;0;0
54.523;18.7753;2016-12-19 13:09:06;650.864912132166;652.175127195949
54.51851;18.76883;2016-12-19 13:11:02;0;0
54.51851;18.76883;2016-12-19 13:11:06;600.729542887692;601.94399606515
54.51438;18.76283;2016-12-19 13:13:02;0;0
54.51438;18.76283;2016-12-19 13:13:16;601.15727356776;602.3772881867
54.51026;18.7568;2016-12-19 13:15:02;0;0
54.51026;18.7568;2016-12-19 13:15:07;352.61207929586;353.330091262947
54.50785;18.75325;2016-12-19 13:17:01;352.61207929586;353.330091262947
54.51026;18.7568;2016-12-19 13:17:06;1259.67060978451;1262.23496631887
54.50165;18.74412;2016-12-19 13:19:02;0;0
54.50165;18.74412;2016-12-19 13:19:06;353.905695869924;354.629371321022
54.49924;18.74054;2016-12-19 13:21:02;0;0
54.49924;18.74054;2016-12-19 13:21:14;907.977950765327;909.835322140297
54.49306;18.73135;2016-12-19 13:23:02;0;0
54.49306;18.73135;2016-12-19 13:23:07;605.069858562449;606.306576983563
54.48894;18.72523;2016-12-19 13:25:01;0;0
54.48894;18.72523;2016-12-19 13:25:06;605.52079761394;606.751635552514
54.4848;18.71914;2016-12-19 13:27:02;0;0
54.4848;18.71914;2016-12-19 13:27:07;602.720200108863;603.922106302892
54.48062;18.7132;2016-12-19 13:29:01;0;0
54.48062;18.7132;2016-12-19 13:29:06;604.194180869399;605.383103500154
54.47639;18.70733;2016-12-19 13:31:02;0;0
54.47639;18.70733;2016-12-19 13:31:06;604.805375512502;605.985008264063
54.47213;18.70151;2016-12-19 13:33:02;0;0
54.47213;18.70151;2016-12-19 13:33:07;602.972390565761;604.158850735974
54.46791;18.69565;2016-12-19 13:35:01;0;0
54.46791;18.69565;2016-12-19 13:35:06;294.327801492956;294.906793444479
54.46585;18.69279;2016-12-19 13:37:09;0;0
54.46585;18.69279;2016-12-19 13:37:14;293.791747294444;294.399135145268
54.46387;18.68978;2016-12-19 13:39:02;590.332208023889;591.665128628931
54.4602;18.68318;2016-12-19 13:39:06;507.294891071693;508.448431775625
54.45707;18.67747;2016-12-19 13:41:02;0;0
54.45707;18.67747;2016-12-19 13:41:06;471.076462287054;472.142796542781
54.45415;18.67219;2016-12-19 13:43:02;0;0
54.45415;18.67219;2016-12-19 13:43:07;358.603901196168;359.443952752948
54.45201;18.66804;2016-12-19 13:45:01;0;0
54.45201;18.66804;2016-12-19 13:45:06;301.522212516191;302.211203590782
54.45016;18.66463;2016-12-19 13:47:01;0;0
54.45016;18.66463;2016-12-19 13:47:06;555.606497576946;556.858124003724
54.4467;18.65843;2016-12-19 13:51:01;0;0
54.4467;18.65843;2016-12-19 13:51:06;256.002131607539;256.639733506314
54.44529;18.6553;2016-12-19 13:53:02;0;0
54.44529;18.6553;2016-12-19 13:53:06;144.228536254489;144.623343133911
54.44462;18.65339;2016-12-19 13:55:02;0;0
54.44462;18.65339;2016-12-19 13:55:06;98.1764579328268;98.4824066146767
54.44434;18.65195;2016-12-19 13:57:02;0;0
54.44434;18.65195;2016-12-19 13:57:07;27.36096046122;27.4515697646506
54.44431;18.65153;2016-12-19 13:59:01;0;0
54.44431;18.65153;2016-12-19 13:59:06;0;0
54.44431;18.65153;2016-12-19 14:01:02;0;0
54.44431;18.65153;2016-12-19 14:01:06;0;0
54.44431;18.65153;2016-12-19 14:03:02;0;0
54.44431;18.65153;2016-12-19 14:03:07;5.88842112563344;5.89614690837488
54.44436;18.6515;2016-12-19 14:05:02;0;0
54.44436;18.6515;2016-12-19 14:05:07;20.9605650260919;21.0113238982277
54.44448;18.65175;2016-12-19 14:07:02;0;0
54.44448;18.65175;2016-12-19 14:07:07;0;0
54.44448;18.65175;2016-12-19 14:09:01;0;0
54.44448;18.65175;2016-12-19 14:09:06;25.8874599023961;25.9739577672064
54.44447;18.65215;2016-12-19 14:11:02;0;0
54.44447;18.65215;2016-12-19 14:11:06;36.8723635619361;36.9956439106918
54.44446;18.65272;2016-12-19 14:13:02;0;0
54.44446;18.65272;2016-12-19 14:13:07;0;0
54.44446;18.65272;2016-12-19 14:15:01;0;0
54.44446;18.65272;2016-12-19 14:15:06;21.4530262385536;21.5242721727585
54.44448;18.65305;2016-12-19 14:17:02;0;0
54.44448;18.65305;2016-12-19 14:17:07;2.95100326413345;2.95705447070525
54.4445;18.65302;2016-12-19 14:19:02;0;0
54.4445;18.65302;2016-12-19 14:19:07;0;0
54.4445;18.65302;2016-12-19 14:21:02;0;0
54.4445;18.65302;2016-12-19 14:21:07;5.6305101817759;5.64734521485756
54.44452;18.6531;2016-12-19 14:23:01;0;0
54.44452;18.6531;2016-12-19 14:23:06;6.7958683345283;6.80366283361949
54.44458;18.65308;2016-12-19 14:25:01;0;0
54.44458;18.65308;2016-12-19 14:25:06;0;0
54.44458;18.65308;2016-12-19 14:27:02;0;0
54.44458;18.65308;2016-12-19 14:27:06;7.85588778152439;7.87894137836562
54.44461;18.65319;2016-12-19 14:29:02;0;0
54.44461;18.65319;2016-12-19 14:29:07;0;0
54.44461;18.65319;2016-12-19 14:31:02;6.79586779303818;6.80366238770416
54.44467;18.65317;2016-12-19 14:31:06;0;0
54.44467;18.65317;2016-12-19 14:33:01;0;0
54.44467;18.65317;2016-12-19 14:33:06;12.6514814923485;12.6668328423657
54.44478;18.65322;2016-12-19 14:35:02;0;0
54.44478;18.65322;2016-12-19 14:35:07;1.11194926589098;1.11313270305234
54.44479;18.65322;2016-12-19 14:37:01;0;0
54.44479;18.65322;2016-12-19 14:39:02;0;0
54.44479;18.65322;2016-12-19 14:39:07;11.1944363784863;11.206691602206
54.44469;18.6532;2016-12-19 14:41:02;0;0
54.44469;18.6532;2016-12-19 14:41:07;2.57255093615612;2.57677302547896
54.44467;18.65318;2016-12-19 14:43:02;0;0
54.44467;18.65318;2016-12-19 14:43:07;0;0
54.44467;18.65318;2016-12-19 14:45:02;0;0
54.44467;18.65318;2016-12-19 14:45:08;4.49454913653406;4.49954500810733
54.44471;18.65319;2016-12-19 14:47:01;4.49454913653406;4.49954500810733
54.44467;18.65318;2016-12-19 14:47:06;5.88841550840023;5.89614158806801
54.44472;18.65321;2016-12-19 14:49:02;0;0
54.44472;18.65321;2016-12-19 14:49:16;0;0
54.44472;18.65321;2016-12-19 14:51:02;0;0
54.44472;18.65321;2016-12-19 14:51:06;6.13187972061705;6.14089663702701
54.44467;18.65317;2016-12-19 14:53:02;0;0
54.44467;18.65317;2016-12-19 14:53:15;3.39793385114477;3.40183115760538
54.44464;18.65316;2016-12-19 14:55:02;0;0
54.44464;18.65316;2016-12-19 14:55:06;0;0
54.44464;18.65316;2016-12-19 14:57:02;0;0
54.44464;18.65316;2016-12-19 14:57:07;3.41881402403363;3.42942753693164
54.44463;18.65321;2016-12-19 14:59:02;0;0
54.44463;18.65321;2016-12-19 14:59:07;0;0
54.44463;18.65321;2016-12-19 15:01:02;7.45203027592541;7.47544872006216
54.44461;18.6531;2016-12-19 15:01:07;0;0
54.44461;18.6531;2016-12-19 15:03:02;0;0
54.44461;18.6531;2016-12-19 15:03:07;9.2639519317451;9.27546009627893
54.44453;18.65314;2016-12-19 15:05:01;0;0
54.44453;18.65314;2016-12-19 15:05:06;5.92457876356139;5.94392393864495
54.44452;18.65305;2016-12-19 15:07:02;0;0
54.44452;18.65305;2016-12-19 15:07:07;0;0
54.44452;18.65305;2016-12-19 15:09:01;0;0
54.44452;18.65305;2016-12-19 15:09:06;6.1318850469373;6.14090180929961
54.44447;18.65301;2016-12-19 15:11:10;0;0
54.44447;18.65301;2016-12-19 15:11:14;4.5261249505666;4.54126713543476
54.44447;18.65308;2016-12-19 15:13:02;4.5261249505666;4.54126713543476
54.44447;18.65301;2016-12-19 15:13:06;4.5261249505666;4.54126713543476
54.44447;18.65308;2016-12-19 15:15:02;0;0
54.44447;18.65308;2016-12-19 15:15:07;5.70815977439553;5.71490370213907
54.44452;18.6531;2016-12-19 15:17:01;0;0
54.44452;18.6531;2016-12-19 15:17:15;8.42834659863071;8.44014820364441
54.44459;18.65315;2016-12-19 15:19:02;0;0
54.44459;18.65315;2016-12-19 15:19:07;0;0
54.44459;18.65315;2016-12-19 15:21:02;0;0
54.44459;18.65315;2016-12-19 15:21:06;12.2996125218106;12.3130131198554
54.4447;18.65317;2016-12-19 15:23:02;0;0
54.4447;18.65317;2016-12-19 15:23:07;7.41372590805936;7.42483524227623
54.44476;18.65322;2016-12-19 15:25:02;0;0
54.44476;18.65322;2016-12-19 15:25:07;0;0
54.44476;18.65322;2016-12-19 15:27:02;0;0
54.44476;18.65322;2016-12-19 15:27:07;3.41880506562352;3.42941857305193
54.44475;18.65317;2016-12-19 15:29:02;0;0
54.44475;18.65317;2016-12-19 15:29:06;3.92396725683397;3.93422195758832
54.44477;18.65322;2016-12-19 15:31:02;0;0
54.44477;18.65322;2016-12-19 15:31:07;0;0
54.44477;18.65322;2016-12-19 15:33:02;0;0
54.44477;18.65322;2016-12-19 15:33:07;6.13187838679362;6.14089534130793
54.44472;18.65318;2016-12-19 15:35:02;0;0
54.44472;18.65318;2016-12-19 15:35:07;4.4477970663932;4.45253075406688
54.44468;18.65318;2016-12-19 15:37:02;0;0
54.44468;18.65318;2016-12-19 15:37:06;0;0
54.44468;18.65318;2016-12-19 15:39:02;0;0
54.44468;18.65318;2016-12-19 15:39:06;5.17268770393206;5.18999302995154
54.44468;18.6531;2016-12-19 15:41:02;0;0
54.44468;18.6531;2016-12-19 15:41:07;6.15504656538077;6.17151737059379
54.44465;18.65318;2016-12-19 15:43:01;0;0
54.44465;18.65318;2016-12-19 15:43:06;0;0
54.44465;18.65318;2016-12-19 15:45:02;0;0
54.44465;18.65318;2016-12-19 15:45:07;6.22974613031125;6.24877859003049
54.44463;18.65309;2016-12-19 15:47:02;0;0
54.44463;18.65309;2016-12-19 15:47:07;5.70815898756523;5.71490301240184
54.44458;18.65311;2016-12-19 15:49:02;0;0
54.44458;18.65311;2016-12-19 15:49:07;0;0
54.44458;18.65311;2016-12-19 15:51:02;0;0
54.44458;18.65311;2016-12-19 15:51:07;4.49454943187234;4.49954520939788
54.44454;18.6531;2016-12-19 15:53:02;0;0
54.44454;18.6531;2016-12-19 15:53:07;4.85237970628442;4.85931449384991
54.4445;18.65313;2016-12-19 15:55:01;0;0
54.4445;18.65313;2016-12-19 15:55:06;0;0
54.4445;18.65313;2016-12-19 15:57:02;0;0
54.4445;18.65313;2016-12-19 15:57:06;3.232944024831;3.24375986882831
54.4445;18.65308;2016-12-19 15:59:02;0;0
54.4445;18.65308;2016-12-19 15:59:07;4.63197675956275;4.63773078072396
54.44446;18.6531;2016-12-19 16:01:02;0;0
54.44446;18.6531;2016-12-19 16:01:15;0;0
54.44446;18.6531;2016-12-19 16:03:02;0;0
54.44446;18.6531;2016-12-19 16:03:15;9.34570268504906;9.36218518947223
54.44439;18.65302;2016-12-19 16:05:02;9.34570268504906;9.36218518947223
54.44446;18.6531;2016-12-19 16:05:07;13.9390980563954;13.9655042882697
54.44436;18.65297;2016-12-19 16:07:02;0;0
54.44436;18.65297;2016-12-19 16:07:06;0;0
54.44436;18.65297;2016-12-19 16:09:02;0;0
54.44436;18.65297;2016-12-19 16:09:07;4.2210383197001;4.22914825371395
54.44433;18.65301;2016-12-19 16:11:01;0;0
54.44433;18.65301;2016-12-19 16:11:15;7.81045499443633;7.81888929560863
54.4444;18.65302;2016-12-19 16:13:02;0;0
54.4444;18.65302;2016-12-19 16:13:16;0;0
54.4444;18.65302;2016-12-19 16:15:02;0;0
54.4444;18.65302;2016-12-19 16:15:06;3.87954230312891;3.89252132587911
54.4444;18.65308;2016-12-19 16:17:02;0;0
54.4444;18.65308;2016-12-19 16:17:07;5.9245969081978;5.94394209872094
54.44439;18.65299;2016-12-19 16:19:01;0;0
54.44439;18.65299;2016-12-19 16:19:06;0;0
54.44439;18.65299;2016-12-19 16:21:01;0;0
54.44439;18.65299;2016-12-19 16:21:06;9.04340839080045;9.070858806058
54.44442;18.65312;2016-12-19 16:23:02;0;0
54.44442;18.65312;2016-12-19 16:23:06;12.2996130869223;12.3130133427978
54.44453;18.65314;2016-12-19 16:25:02;0;0
54.44453;18.65314;2016-12-19 16:25:07;0;0
54.44453;18.65314;2016-12-19 16:27:01;4.47174130042048;4.48418065708536
54.44455;18.6532;2016-12-19 16:29:02;0;0
54.44455;18.6532;2016-12-19 16:31:01;0;0
54.44455;18.6532;2016-12-19 16:31:06;0;0
54.44455;18.6532;2016-12-19 16:33:02;0;0
54.44455;18.6532;2016-12-19 16:33:15;5.5972184905632;5.60334595082249
54.4446;18.65321;2016-12-19 16:35:02;0;0
54.4446;18.65321;2016-12-19 16:35:07;0;0
54.4446;18.65321;2016-12-19 16:37:01;6.13188158446234;6.14089844721675
54.44465;18.65325;2016-12-19 16:37:06;0;0
54.44465;18.65325;2016-12-19 16:39:02;0;0
54.44465;18.65325;2016-12-19 16:39:07;2.57255157048262;2.57677364890764
54.44463;18.65323;2016-12-19 16:41:02;0;0
54.44463;18.65323;2016-12-19 16:41:07;4.64540083368555;4.65548045283827
54.4446;18.65328;2016-12-19 16:43:01;0;0
54.4446;18.65328;2016-12-19 16:43:06;0;0
54.4446;18.65328;2016-12-19 16:45:02;0;0
54.4446;18.65328;2016-12-19 16:45:06;6.3457541514567;6.35987625476399
54.44456;18.65321;2016-12-19 16:47:02;0;0
54.44456;18.65321;2016-12-19 16:47:07;7.89033799472076;7.89921930595209
54.44449;18.65319;2016-12-19 16:49:01;0;0
54.44449;18.65319;2016-12-19 16:49:07;0;0
54.44449;18.65319;2016-12-19 16:51:01;0;0
54.44449;18.65319;2016-12-19 16:51:06;10.9972453519821;11.0176280902673
54.44441;18.65309;2016-12-19 16:53:02;0;0
54.44441;18.65309;2016-12-19 16:53:07;1.93977067790229;1.94626018888855
54.44441;18.65312;2016-12-19 16:55:02;1.93977067790229;1.94626018888855
54.44441;18.65309;2016-12-19 16:55:06;1.93977067790229;1.94626018888855
54.44441;18.65312;2016-12-19 16:57:02;0;0
54.44441;18.65312;2016-12-19 16:57:07;4.22103522518179;4.2291451850903
54.44444;18.65308;2016-12-19 16:59:01;4.22103522518179;4.2291451850903
54.44441;18.65312;2016-12-19 16:59:06;2.58636090373261;2.5950135848774
54.44441;18.65316;2016-12-19 17:01:02;0;0
54.44441;18.65316;2016-12-19 17:01:15;0;0
54.44441;18.65316;2016-12-19 17:03:01;0;0
54.44441;18.65316;2016-12-19 17:03:08;2.57255537889055;2.5767773933769
54.44439;18.65314;2016-12-19 17:05:02;0;0
54.44439;18.65314;2016-12-19 17:05:07;2.5863621670374;2.59501484955125
54.44439;18.6531;2016-12-19 17:07:02;0;0
54.44439;18.6531;2016-12-19 17:07:06;0;0
54.44439;18.6531;2016-12-19 17:09:02;0;0
54.44439;18.6531;2016-12-19 17:09:07;3.85883366496904;3.86516667300377
54.44436;18.65313;2016-12-19 17:11:02;0;0
54.44436;18.65313;2016-12-19 17:11:07;5.62261617606242;5.63691501837454
54.44433;18.65306;2016-12-19 17:13:02;0;0
54.44433;18.65306;2016-12-19 17:15:02;0;0
54.44433;18.65306;2016-12-19 17:15:07;6.43139023426659;6.44194523473913
54.44438;18.65311;2016-12-19 17:17:01;0;0
54.44438;18.65311;2016-12-19 17:17:06;0;0
54.44438;18.65311;2016-12-19 17:19:01;0;0
54.44438;18.65311;2016-12-19 17:19:06;18.3956583396756;18.4227085405507
54.44453;18.65323;2016-12-19 17:21:02;0;0
54.44453;18.65323;2016-12-19 17:21:14;10.9834706203152;10.999418731945
54.44462;18.6533;2016-12-19 17:23:02;0;0
54.44462;18.6533;2016-12-19 17:23:15;0;0
54.44462;18.6533;2016-12-19 17:25:01;0;0
54.44462;18.6533;2016-12-19 17:25:14;2.31598771892405;2.31886477910643
54.44464;18.65331;2016-12-19 17:27:02;0;0
54.44464;18.65331;2016-12-19 17:27:15;1.286275745506;1.28838678661568
54.44465;18.6533;2016-12-19 17:29:02;0;0
54.44465;18.6533;2016-12-19 17:29:07;8.20209260715717;8.212684167136
54.44458;18.65326;2016-12-19 17:31:01;0;0
54.44458;18.65326;2016-12-19 17:31:07;0;0
54.44458;18.65326;2016-12-19 17:33:02;0;0
54.44458;18.65326;2016-12-19 17:33:07;11.2874180107384;11.3001919365101
54.44448;18.65323;2016-12-19 17:35:02;0;0
54.44448;18.65323;2016-12-19 17:35:06;12.5501982693363;12.5697156838823
54.44438;18.65314;2016-12-19 17:37:02;0;0
54.44438;18.65314;2016-12-19 17:37:07;0;0
54.44438;18.65314;2016-12-19 17:39:02;0;0
54.44438;18.65314;2016-12-19 17:39:07;7.155473743265;7.16522349697044
54.44432;18.6531;2016-12-19 17:41:01;0;0
54.44432;18.6531;2016-12-19 17:41:06;8.0483142337786;8.06648342732
54.44427;18.65301;2016-12-19 17:43:02;0;0
54.44427;18.65301;2016-12-19 17:43:14;0;0
54.44427;18.65301;2016-12-19 17:45:02;0;0
54.44427;18.65301;2016-12-19 17:45:07;3.39793505287576;3.40183214302314
54.44424;18.653;2016-12-19 17:47:10;0;0
54.44424;18.653;2016-12-19 17:47:15;4.22104180268553;4.22915170618079
54.44427;18.65304;2016-12-19 17:49:02;0;0
54.44427;18.65304;2016-12-19 17:49:06;0;0
54.44427;18.65304;2016-12-19 17:51:01;0;0
54.44427;18.65304;2016-12-19 17:51:06;9.34571107435324;9.36219346946634
54.44434;18.65312;2016-12-19 17:53:02;0;0
54.44434;18.65312;2016-12-19 17:53:06;3.92399392495955;3.93424858666896
54.44436;18.65317;2016-12-19 17:55:02;0;0
54.44436;18.65317;2016-12-19 17:55:07;0;0
54.44436;18.65317;2016-12-19 17:57:01;0;0
54.44436;18.65317;2016-12-19 17:57:14;2.31598886364099;2.318865837367
54.44438;18.65318;2016-12-19 17:59:02;0;0
54.44438;18.65318;2016-12-19 17:59:06;3.57773635764682;3.58261125595178
54.44441;18.6532;2016-12-19 18:01:02;0;0
54.44441;18.6532;2016-12-19 18:01:17;0;0
54.44441;18.6532;2016-12-19 18:03:02;0;0
54.44441;18.6532;2016-12-19 18:03:07;2.23587578731848;2.24209546290671
54.44442;18.65317;2016-12-19 18:05:02;0;0
54.44442;18.65317;2016-12-19 18:05:07;4.03574883109425;4.04855226782262
54.44441;18.65323;2016-12-19 18:07:02;0;0
54.44441;18.65323;2016-12-19 18:07:07;0;0
54.44441;18.65323;2016-12-19 18:09:01;0;0
54.44441;18.65323;2016-12-19 18:09:06;3.33584780050222;3.33939791191641
54.44444;18.65323;2016-12-19 18:11:02;0;0
54.44444;18.65323;2016-12-19 18:11:07;1.28627733285196;1.28838834678339
54.44445;18.65322;2016-12-19 18:13:02;0;0
54.44445;18.65322;2016-12-19 18:13:07;0;0
54.44445;18.65322;2016-12-19 18:15:02;0;0
54.44445;18.65322;2016-12-19 18:15:07;1.93976878304722;1.94625829199229
54.44445;18.65325;2016-12-19 18:17:09;0;0
54.44445;18.65325;2016-12-19 18:17:15;3.92398676962247;3.93424144104823
54.44447;18.6532;2016-12-19 18:19:01;3.92398676962247;3.93424144104823
54.44445;18.65325;2016-12-19 18:19:06;3.92398676962247;3.93424144104823
54.44447;18.6532;2016-12-19 18:21:02;0;0
54.44447;18.6532;2016-12-19 18:21:14;4.22103406315312;4.22914403568196
54.44444;18.65316;2016-12-19 18:23:01;4.22103406315312;4.22914403568196
54.44447;18.6532;2016-12-19 18:23:07;10.0284098186378;10.039177577545
54.44438;18.65319;2016-12-19 18:25:02;0;0
54.44438;18.65319;2016-12-19 18:25:24;0;0
54.44438;18.65319;2016-12-19 18:27:01;0;0
54.44438;18.65319;2016-12-19 18:27:15;5.29089102159771;5.3080591746455
54.44437;18.65311;2016-12-19 18:29:02;5.29089102159771;5.3080591746455
54.44438;18.65319;2016-12-19 18:29:07;11.8040317383359;11.8282364371532
54.4443;18.65307;2016-12-19 18:31:02;0;0
54.4443;18.65307;2016-12-19 18:31:07;0;0
54.4443;18.65307;2016-12-19 18:33:01;0;0
54.4443;18.65307;2016-12-19 18:33:07;9.98086229313439;9.99617062043496
54.44422;18.653;2016-12-19 18:35:02;0;0
54.44422;18.653;2016-12-19 18:35:07;5.62262863160184;5.63692745009383
54.44419;18.65293;2016-12-19 18:37:02;0;0
54.44419;18.65293;2016-12-19 18:37:07;0;0
54.44419;18.65293;2016-12-19 18:39:01;0;0
54.44419;18.65293;2016-12-19 18:39:06;2.81527394771755;2.82369146694079
54.44418;18.65297;2016-12-19 18:41:02;0;0
54.44418;18.65297;2016-12-19 18:41:06;3.23296928679498;3.24378515744603
54.44418;18.65292;2016-12-19 18:43:02;0;0
54.44418;18.65292;2016-12-19 18:43:07;0;0
54.44418;18.65292;2016-12-19 18:45:01;0;0
54.44418;18.65292;2016-12-19 18:45:06;3.39793523318087;3.40183229083698
54.44421;18.65291;2016-12-19 18:47:02;0;0
54.44421;18.65291;2016-12-19 18:47:06;0;0
54.44421;18.65291;2016-12-19 18:49:02;0;0
54.44421;18.65291;2016-12-19 18:49:06;3.85883795070618;3.86517088425293
54.44418;18.65294;2016-12-19 18:51:02;0;0
54.44418;18.65294;2016-12-19 18:51:07;3.41884761685862;3.42946114608438
54.44419;18.65299;2016-12-19 18:53:01;3.41884761685862;3.42946114608438
54.44418;18.65294;2016-12-19 18:53:06;6.94796871026948;6.95659946542962
54.44424;18.65291;2016-12-19 18:55:02;0;0
54.44424;18.65291;2016-12-19 18:55:07;0;0
54.44424;18.65291;2016-12-19 18:57:01;0;0
54.44424;18.65291;2016-12-19 18:57:06;4.22104180255952;4.22915170618168
54.44427;18.65287;2016-12-19 18:59:02;0;0
54.44427;18.65287;2016-12-19 18:59:07;0;0
54.44427;18.65287;2016-12-19 19:01:01;5.14511552165925;5.15355946442292
54.44423;18.65291;2016-12-19 19:01:07;0;0
54.44423;18.65291;2016-12-19 19:03:01;0;0
54.44423;18.65291;2016-12-19 19:03:06;7.71767566392095;7.73034153511372
54.44417;18.65297;2016-12-19 19:05:02;0;0
54.44417;18.65297;2016-12-19 19:05:06;4.03577068684518;4.04857413783415
54.44418;18.65291;2016-12-19 19:07:02;0;0
54.44418;18.65291;2016-12-19 19:07:07;0;0
54.44418;18.65291;2016-12-19 19:09:01;0;0
54.44418;18.65291;2016-12-19 19:09:06;3.85883795070618;3.86517088354206
54.44421;18.65288;2016-12-19 19:11:02;0;0
54.44421;18.65288;2016-12-19 19:11:07;6.56084760887031;6.58236743115313
54.44422;18.65298;2016-12-19 19:13:01;0;0
54.44422;18.65298;2016-12-19 19:13:06;0;0
54.44422;18.65298;2016-12-19 19:15:02;0;0
54.44422;18.65298;2016-12-19 19:15:07;5.92462063546539;5.94396584749055
54.44423;18.65307;2016-12-19 19:17:01;5.92462063546539;5.94396584749055
54.44422;18.65298;2016-12-19 19:17:06;5.59721909240731;5.60334625239077
54.44427;18.65297;2016-12-19 19:19:02;0;0
54.44427;18.65297;2016-12-19 19:19:06;0;0
54.44427;18.65297;2016-12-19 19:21:02;0;0
54.44427;18.65297;2016-12-19 19:21:07;0;0
54.44427;18.65297;2016-12-19 19:23:01;0.646592436457835;0.648755608993575
54.44427;18.65296;2016-12-19 19:23:06;4.64542061211318;4.65550013228585
54.44424;18.65301;2016-12-19 19:25:02;0;0
54.44424;18.65301;2016-12-19 19:25:06;0;0
54.44424;18.65301;2016-12-19 19:27:02;0;0
54.44424;18.65301;2016-12-19 19:27:07;5.62262685282468;5.63692567570048
54.44421;18.65308;2016-12-19 19:29:02;5.62262685282468;5.63692567570048
54.44424;18.65301;2016-12-19 19:29:06;5.62262685282468;5.63692567570048
54.44421;18.65308;2016-12-19 19:31:01;8.5275452868447;8.54781027896563
54.44426;18.65298;2016-12-19 19:31:06;0;0
54.44426;18.65298;2016-12-19 19:33:02;1.28627884083232;1.28838982738287
54.44425;18.65297;2016-12-19 19:35:01;0;0
54.44425;18.65297;2016-12-19 19:35:06;6.70295494198003;6.71023065875162
54.44419;18.65298;2016-12-19 19:37:02;0;0
54.44419;18.65298;2016-12-19 19:37:06;0;0
54.44419;18.65298;2016-12-19 19:39:01;0;0
54.44419;18.65298;2016-12-19 19:39:06;8.8530406169997;8.87119403065893
54.44413;18.65289;2016-12-19 19:41:02;0;0
54.44413;18.65289;2016-12-19 19:41:07;0;0
54.44413;18.65289;2016-12-19 19:43:01;4.64542830392293;4.65550778526667
54.4441;18.65284;2016-12-19 19:43:14;0;0
54.4441;18.65284;2016-12-19 19:45:01;0;0
54.4441;18.65284;2016-12-19 19:45:06;3.92400953363957;3.93426417428361
54.44412;18.65289;2016-12-19 19:47:02;0;0
54.44412;18.65289;2016-12-19 19:47:06;10.9904159002677;11.0146155770639
54.44419;18.65301;2016-12-19 19:49:02;0;0
54.44419;18.65301;2016-12-19 19:49:07;0;0
54.44419;18.65301;2016-12-19 19:51:02;0;0
54.44419;18.65301;2016-12-19 19:51:07;11.776845214452;11.7922966223468
54.44429;18.65307;2016-12-19 19:53:02;0;0
54.44429;18.65307;2016-12-19 19:53:07;15.4353370402723;15.4606690340517
54.44441;18.65319;2016-12-19 19:55:02;0;0
54.44441;18.65319;2016-12-19 19:55:14;0;0
54.44441;18.65319;2016-12-19 19:57:02;0;0
54.44441;18.65319;2016-12-19 19:57:06;10.2902183458616;10.3071064499944
54.44449;18.65327;2016-12-19 19:59:10;0;0
54.44449;18.65327;2016-12-19 19:59:15;5.70815963205399;5.71490357940184
54.44454;18.65325;2016-12-19 20:01:01;5.70815963205399;5.71490357940184
54.44449;18.65327;2016-12-19 20:01:07;5.70815963205399;5.71490357940184
54.44454;18.65325;2016-12-19 20:03:02;0;0
54.44454;18.65325;2016-12-19 20:03:15;2.81525364052553;2.82367115694065
54.44453;18.65329;2016-12-19 20:05:02;0;0
54.44453;18.65329;2016-12-19 20:05:06;8.20209499751311;8.21268641860455
54.44446;18.65325;2016-12-19 20:07:02;0;0
54.44446;18.65325;2016-12-19 20:07:07;0;0
54.44446;18.65325;2016-12-19 20:09:01;0;0
54.44446;18.65325;2016-12-19 20:09:06;2.23587414288109;2.24209381914698
54.44445;18.65322;2016-12-19 20:11:01;0;0
54.44445;18.65322;2016-12-19 20:11:06;2.95100419804868;2.95705539766114
54.44447;18.65325;2016-12-19 20:13:02;0;0
54.44447;18.65325;2016-12-19 20:13:15;0;0
54.44447;18.65325;2016-12-19 20:15:02;0;0
54.44447;18.65325;2016-12-19 20:15:07;7.41373382535153;7.42484295440137
54.44453;18.6533;2016-12-19 20:17:02;0;0
54.44453;18.6533;2016-12-19 20:17:06;2.22389853248928;2.2262653160562
54.44455;18.6533;2016-12-19 20:19:02;0;0
54.44455;18.6533;2016-12-19 20:19:07;0;0
54.44455;18.6533;2016-12-19 20:21:10;0;0
54.44455;18.6533;2016-12-19 20:21:15;2.23587003389635;2.24208971328281
54.44456;18.65333;2016-12-19 20:23:02;0;0
54.44456;18.65333;2016-12-19 20:23:07;6.83764073824034;6.85886776989224
54.44454;18.65323;2016-12-19 20:25:10;0;0
54.44454;18.65323;2016-12-19 20:25:14;0;0
54.44454;18.65323;2016-12-19 20:27:02;0;0
54.44454;18.65323;2016-12-19 20:27:06;6.83764372476774;6.85887075826542
54.44452;18.65333;2016-12-19 20:29:02;0;0
54.44452;18.65333;2016-12-19 20:29:15;0;0
54.44452;18.65333;2016-12-19 20:31:01;4.52611942429564;4.54126160348839
54.44452;18.65326;2016-12-19 20:31:14;0;0
54.44452;18.65326;2016-12-19 20:33:02;0;0
54.44452;18.65326;2016-12-19 20:33:07;3.92398351755975;3.93423819445369
54.4445;18.65331;2016-12-19 20:35:02;0;0
54.4445;18.65331;2016-12-19 20:35:07;6.15506248840274;6.17153327646728
54.44453;18.65323;2016-12-19 20:37:01;0;0
54.44453;18.65323;2016-12-19 20:37:06;0;0
54.44453;18.65323;2016-12-19 20:39:02;0;0
54.44453;18.65323;2016-12-19 20:39:06;2.23587126722777;2.24209094733988
54.44452;18.65326;2016-12-19 20:41:02;0;0
54.44452;18.65326;2016-12-19 20:41:06;1.29317697834085;1.29750331521659
54.44452;18.65328;2016-12-19 20:43:02;0;0
54.44452;18.65328;2016-12-19 20:43:16;0;0
54.44452;18.65328;2016-12-19 20:45:02;0;0
54.44452;18.65328;2016-12-19 20:45:07;1.28627677677258;1.28838779796654
54.44451;18.65327;2016-12-19 20:47:09;0;0
54.44451;18.65327;2016-12-19 20:47:14;6.43138507650804;6.44194016667425
54.44446;18.65322;2016-12-19 20:49:02;0;0
54.44446;18.65322;2016-12-19 20:49:15;0;0
54.44446;18.65322;2016-12-19 20:51:01;0;0
54.44446;18.65322;2016-12-19 20:51:06;3.33584779908758;3.33939792517478
54.44443;18.65322;2016-12-19 20:53:02;0;0
54.44443;18.65322;2016-12-19 20:53:14;6.77950028348608;6.79178364483523
54.44438;18.65316;2016-12-19 20:55:02;0;0
54.44438;18.65316;2016-12-19 20:55:07;0;0
54.44438;18.65316;2016-12-19 20:57:02;0;0
54.44438;18.65316;2016-12-19 20:57:07;5.7081607752935;5.71490458111227
54.44433;18.65314;2016-12-19 20:59:01;0;0
54.44433;18.65314;2016-12-19 20:59:06;9.95057260738219;9.98272959844086
54.44431;18.65299;2016-12-19 21:01:02;0;0
54.44431;18.65299;2016-12-19 21:01:07;0;0
54.44431;18.65299;2016-12-19 21:03:02;0;0
54.44431;18.65299;2016-12-19 21:03:06;9.46486341268936;9.47745773550768
54.44423;18.65304;2016-12-19 21:05:02;9.46486341268936;9.47745773550768
54.44431;18.65299;2016-12-19 21:05:07;6.94796778459088;6.95659861045194
54.44425;18.65302;2016-12-19 21:07:02;0;0
54.44425;18.65302;2016-12-19 21:07:06;0;0
54.44425;18.65302;2016-12-19 21:09:02;0;0
54.44425;18.65302;2016-12-19 21:09:07;6.15508902593279;6.17155978459924
54.44428;18.6531;2016-12-19 21:11:01;0;0
54.44428;18.6531;2016-12-19 21:11:06;4.22104141602208;4.22915132269192
54.44425;18.65306;2016-12-19 21:13:01;0;0
54.44425;18.65306;2016-12-19 21:13:06;0;0
54.44425;18.65306;2016-12-19 21:15:02;0;0
54.44425;18.65306;2016-12-19 21:15:16;4.64542006335947;4.65549958599829
54.44428;18.65311;2016-12-19 21:17:01;4.64542006335947;4.65549958599829
54.44425;18.65306;2016-12-19 21:17:06;13.0420145635604;13.0594809825554
54.44436;18.65313;2016-12-19 21:19:02;0;0
54.44436;18.65313;2016-12-19 21:19:07;0;0
54.44436;18.65313;2016-12-19 21:21:02;0;0
54.44436;18.65313;2016-12-19 21:21:07;1.29318203073995;1.29750837299262
54.44436;18.65311;2016-12-19 21:23:01;0;0
54.44436;18.65311;2016-12-19 21:23:06;5.04298044905424;5.05761650761613
54.44434;18.65318;2016-12-19 21:25:02;0;0
54.44434;18.65318;2016-12-19 21:27:02;0;0
54.44434;18.65318;2016-12-19 21:27:08;4.66072669181559;4.67571460619147
54.44433;18.65311;2016-12-19 21:29:01;0;0
54.44433;18.65311;2016-12-19 21:29:14;3.87954893439653;3.89252796420386
54.44433;18.65305;2016-12-19 21:31:01;0;0
54.44433;18.65305;2016-12-19 21:31:06;0;0
54.44433;18.65305;2016-12-19 21:33:02;0;0
54.44433;18.65305;2016-12-19 21:33:06;7.19890031972772;7.2225928585626
54.44434;18.65316;2016-12-19 21:35:02;0;0
54.44434;18.65316;2016-12-19 21:35:06;5.59721887423995;5.60334614189231
54.44439;18.65315;2016-12-19 21:37:02;0;0
54.44439;18.65315;2016-12-19 21:37:07;0;0
54.44439;18.65315;2016-12-19 21:39:01;0;0
54.44439;18.65315;2016-12-19 21:39:06;3.41883268678983;3.42944620917391
54.44438;18.6532;2016-12-19 21:41:01;0;0
54.44438;18.6532;2016-12-19 21:41:06;5.92459969926325;5.9439448918304
54.44437;18.65311;2016-12-19 21:43:02;0;0
54.44437;18.65311;2016-12-19 21:43:06;0;0
54.44437;18.65311;2016-12-19 21:45:02;0;0
54.44437;18.65311;2016-12-19 21:45:14;0;0
54.44437;18.65311;2016-12-19 21:47:01;0;0
54.44437;18.65311;2016-12-19 21:47:06;8.89559413066443;8.90506095917391
54.44429;18.65311;2016-12-19 21:49:10;0;0
54.44429;18.65311;2016-12-19 21:49:15;0;0
54.44429;18.65311;2016-12-19 21:51:02;0;0
54.44429;18.65311;2016-12-19 21:51:06;7.3244469297186;7.34279363352691
54.44425;18.65302;2016-12-19 21:53:02;0;0
54.44425;18.65302;2016-12-19 21:53:15;5.59721912820683;5.60334626880156
54.4442;18.65301;2016-12-19 21:55:02;0;0
54.4442;18.65301;2016-12-19 21:55:06;0;0
54.4442;18.65301;2016-12-19 21:57:02;0;0
54.4442;18.65301;2016-12-19 21:57:07;3.39793517305307;3.40183224121153
54.44423;18.653;2016-12-19 21:59:01;3.39793517305307;3.40183224121153
54.4442;18.65301;2016-12-19 21:59:06;5.70816170603208;5.71490539747894
54.44425;18.65303;2016-12-19 22:01:01;0;0
54.44425;18.65303;2016-12-19 22:01:06;0;0
54.44425;18.65303;2016-12-19 22:03:02;0;0
54.44425;18.65303;2016-12-19 22:03:06;4.63197861165415;4.63773248891702
54.44429;18.65305;2016-12-19 22:05:02;0;0
54.44429;18.65305;2016-12-19 22:05:06;3.41101500177364;3.41912100794171
54.44431;18.65309;2016-12-19 22:07:02;0;0
54.44431;18.65309;2016-12-19 22:07:06;0;0
54.44431;18.65309;2016-12-19 22:09:02;0;0
54.44431;18.65309;2016-12-19 22:09:07;2.57255696684975;2.57677895212781
54.44429;18.65307;2016-12-19 22:11:01;2.57255696684975;2.57677895212781
54.44431;18.65309;2016-12-19 22:11:06;9.29083847799541;9.31099753207526
54.44425;18.65299;2016-12-19 22:13:01;0;0
54.44425;18.65299;2016-12-19 22:13:06;0;0
54.44425;18.65299;2016-12-19 22:15:02;0;0
54.44425;18.65299;2016-12-19 22:15:07;3.41884313793096;3.42945666467458
54.44424;18.65304;2016-12-19 22:17:01;0;0
54.44424;18.65304;2016-12-19 22:17:06;2.23588318412068;2.24210285523071
54.44423;18.65301;2016-12-19 22:19:02;0;0
54.44423;18.65301;2016-12-19 22:19:15;0;0
54.44423;18.65301;2016-12-19 22:21:09;0;0
54.44423;18.65301;2016-12-19 22:21:14;2.23588318376385;2.24210285487785
54.44424;18.65298;2016-12-19 22:23:02;0;0
54.44424;18.65298;2016-12-19 22:23:14;3.57773829864537;3.58261311525451
54.44421;18.653;2016-12-19 22:25:02;0;0
54.44421;18.653;2016-12-19 22:25:06;0;0
54.44421;18.653;2016-12-19 22:27:02;0;0
54.44421;18.653;2016-12-19 22:27:07;5.59721911067024;5.60334626130103
54.44426;18.65299;2016-12-19 22:29:01;0;0
54.44426;18.65299;2016-12-19 22:29:06;6.82203191962584;6.83824392686729
54.4443;18.65307;2016-12-19 22:31:01;0;0
54.4443;18.65307;2016-12-19 22:31:14;0;0
54.4443;18.65307;2016-12-19 22:33:02;0;0
54.4443;18.65307;2016-12-19 22:33:07;1.93977588797769;1.94626540448399
54.4443;18.6531;2016-12-19 22:35:01;0;0
54.4443;18.6531;2016-12-19 22:35:06;4.52614373875155;4.54128594379582
54.4443;18.65303;2016-12-19 22:37:01;0;0
54.4443;18.65303;2016-12-19 22:37:06;0;0
54.4443;18.65303;2016-12-19 22:39:02;0;0
54.4443;18.65303;2016-12-19 22:39:06;3.87955177616094;3.89253080896789
54.4443;18.65309;2016-12-19 22:41:02;0;0
54.4443;18.65309;2016-12-19 22:41:06;9.00394744044069;9.01872442202444
54.44437;18.65316;2016-12-19 22:43:02;0;0
54.44437;18.65316;2016-12-19 22:43:07;0;0
54.44437;18.65316;2016-12-19 22:45:01;0;0
54.44437;18.65316;2016-12-19 22:45:06;3.39793466368869;3.40183182205619
54.4444;18.65315;2016-12-19 22:47:02;0;0
54.4444;18.65315;2016-12-19 22:47:15;4.64541347086727;4.65549302523853
54.44437;18.6532;2016-12-19 22:49:02;0;0
54.44437;18.6532;2016-12-19 22:49:23;0;0
54.44437;18.6532;2016-12-19 22:51:02;0;0
54.44437;18.6532;2016-12-19 22:51:06;4.03575338379505;4.04855682386155
54.44436;18.65314;2016-12-19 22:53:02;0;0
54.44436;18.65314;2016-12-19 22:53:06;3.41883492653101;3.42944844970136
54.44435;18.65309;2016-12-19 22:55:02;0;0
54.44435;18.65309;2016-12-19 22:55:07;0;0
54.44435;18.65309;2016-12-19 22:57:01;0;0
54.44435;18.65309;2016-12-19 22:57:06;9.26395651672839;9.27546432648867
54.44427;18.65313;2016-12-19 22:59:01;0;0
54.44427;18.65313;2016-12-19 22:59:06;9.69888654563178;9.73133413536278
54.44427;18.65298;2016-12-19 23:01:02;0;0
54.44427;18.65298;2016-12-19 23:01:07;0;0
54.44427;18.65298;2016-12-19 23:03:01;0;0
54.44427;18.65298;2016-12-19 23:03:06;10.0075433979701;10.0181934041867
54.44418;18.65298;2016-12-19 23:05:02;0;0
54.44418;18.65298;2016-12-19 23:05:07;3.87956314403055;3.8925421889352
54.44418;18.65292;2016-12-19 23:07:01;0;0
54.44418;18.65292;2016-12-19 23:07:16;0;0
54.44418;18.65292;2016-12-19 23:09:01;0;0
54.44418;18.65292;2016-12-19 23:09:06;1.29318771488254;1.29751406320892
54.44418;18.6529;2016-12-19 23:11:02;0;0
54.44418;18.6529;2016-12-19 23:11:06;5.63054963584337;5.64738467623524
54.44416;18.65298;2016-12-19 23:13:02;0;0
54.44416;18.65298;2016-12-19 23:13:07;0;0
54.44416;18.65298;2016-12-19 23:15:02;0;0
54.44416;18.65298;2016-12-19 23:15:06;0;0
54.44416;18.65298;2016-12-19 23:17:02;6.13189330529237;6.14090983130762
54.44421;18.65302;2016-12-19 23:17:06;4.03576704422436;4.04857049268513
54.44422;18.65308;2016-12-19 23:19:11;0;0
54.44422;18.65308;2016-12-19 23:19:15;0;0
54.44422;18.65308;2016-12-19 23:21:02;0;0
54.44422;18.65308;2016-12-19 23:21:06;6.15509221024425;6.17156296499487
54.44425;18.653;2016-12-19 23:23:02;0;0
54.44425;18.653;2016-12-19 23:23:14;5.1165271719853;5.12868616766133
54.44422;18.65306;2016-12-19 23:25:02;0;0
54.44422;18.65306;2016-12-19 23:25:06;0;0
54.44422;18.65306;2016-12-19 23:27:02;0;0
54.44422;18.65306;2016-12-19 23:27:07;4.44779706568588;4.45253041330783
54.44426;18.65306;2016-12-19 23:29:02;0;0
54.44426;18.65306;2016-12-19 23:29:07;3.4188416449371;3.42945517146131
54.44427;18.65311;2016-12-19 23:31:02;0;0
54.44427;18.65311;2016-12-19 23:31:18;0;0
54.44427;18.65311;2016-12-19 23:33:02;0;0
54.44427;18.65311;2016-12-19 23:33:07;1.29318487291567;1.29751121821763
54.44427;18.65309;2016-12-19 23:35:02;0;0
54.44427;18.65309;2016-12-19 23:35:07;1.28627876146489;1.28838974888046
54.44426;18.6531;2016-12-19 23:37:01;1.28627876146489;1.28838974888046
54.44427;18.65309;2016-12-19 23:37:06;1.28627876146489;1.28838974888046
54.44426;18.6531;2016-12-19 23:39:02;0;0
54.44426;18.6531;2016-12-19 23:39:15;3.85883604660246;3.86516901289966
54.44429;18.65313;2016-12-19 23:41:02;0;0
54.44429;18.65313;2016-12-19 23:41:06;2.23588112945567;2.24210080106181
54.44428;18.6531;2016-12-19 23:43:02;0;0
54.44428;18.6531;2016-12-19 23:43:07;0;0
54.44428;18.6531;2016-12-19 23:45:02;0;0
54.44428;18.6531;2016-12-19 23:45:07;7.78364486548077;7.7919282301396
54.44421;18.6531;2016-12-19 23:47:01;0;0
54.44421;18.6531;2016-12-19 23:47:14;5.63054615417981;5.64738119400626
54.44419;18.65302;2016-12-19 23:49:02;0;0
54.44419;18.65302;2016-12-19 23:49:06;0;0
54.44419;18.65302;2016-12-19 23:51:02;0;0
54.44419;18.65302;2016-12-19 23:51:06;3.39793529396396;3.40183234116874
54.44416;18.65301;2016-12-19 23:53:02;0;0
54.44416;18.65301;2016-12-19 23:53:15;5.11653363635646;5.1286926121525
54.44413;18.65295;2016-12-19 23:55:02;0;0
54.44413;18.65295;2016-12-19 23:55:06;0;0
54.44413;18.65295;2016-12-19 23:57:02;0;0
54.44413;18.65295;2016-12-19 23:57:14;4.63197966895114;4.6377334652274
54.44417;18.65293;2016-12-19 23:59:02;4.63197966895114;4.6377334652274
54.44413;18.65295;2016-12-19 23:59:07;4.63197966895114;4.6377334652274
54.44417;18.65293;2016-12-20 00:01:01;6.22980718893581;6.2488396705784
54.44419;18.65302;2016-12-20 00:01:16;0;0
54.44419;18.65302;2016-12-20 00:03:02;0;0
54.44419;18.65302;2016-12-20 00:03:14;3.39793520313654;3.40183226726171
54.44422;18.65303;2016-12-20 00:05:02;0;0
54.44422;18.65303;2016-12-20 00:05:07;0;0
54.44422;18.65303;2016-12-20 00:07:01;4.64542171106581;4.65550122627554
54.44425;18.65308;2016-12-20 00:07:06;0;0
54.44425;18.65308;2016-12-20 00:09:02;0;0
54.44425;18.65308;2016-12-20 00:09:07;2.57255760240057;2.57677957661895
54.44427;18.65306;2016-12-20 00:11:01;0;0
54.44427;18.65306;2016-12-20 00:11:07;4.5261470545877;4.54128926318533
54.44427;18.65313;2016-12-20 00:13:01;0;0
54.44427;18.65313;2016-12-20 00:13:06;0;0
54.44427;18.65313;2016-12-20 00:15:02;0;0
54.44427;18.65313;2016-12-20 00:15:15;0.646592436252183;0.648755608993575
54.44427;18.65314;2016-12-20 00:17:02;0;0
54.44427;18.65314;2016-12-20 00:17:07;6.77950895643261;6.79179222111311
54.44422;18.65308;2016-12-20 00:19:01;0;0
54.44422;18.65308;2016-12-20 00:19:06;0;0
54.44422;18.65308;2016-12-20 00:21:01;0;0
54.44422;18.65308;2016-12-20 00:21:06;1.28627907893463;1.28839006006487
54.44423;18.65309;2016-12-20 00:23:02;0;0
54.44423;18.65309;2016-12-20 00:23:08;0;0
54.44423;18.65309;2016-12-20 00:25:01;2.31598952619805;2.3188664468551
54.44421;18.6531;2016-12-20 00:25:14;0;0
54.44421;18.6531;2016-12-20 00:27:02;0;0
54.44421;18.6531;2016-12-20 00:27:07;2.95101167098635;2.95706282179511
54.44423;18.65307;2016-12-20 00:29:02;2.95101167098635;2.95706282179511
54.44421;18.6531;2016-12-20 00:29:06;5.14511615649538;5.15356008820507
54.44425;18.65306;2016-12-20 00:31:02;0;0
54.44425;18.65306;2016-12-20 00:31:08;0;0
54.44425;18.65306;2016-12-20 00:33:02;0;0
54.44425;18.65306;2016-12-20 00:33:07;2.57255791925884;2.57677988815646
54.44423;18.65304;2016-12-20 00:35:02;0;0
54.44423;18.65304;2016-12-20 00:35:14;3.85883747460484;3.86517041570481
54.4442;18.65301;2016-12-20 00:37:02;0;0
54.4442;18.65301;2016-12-20 00:37:07;0;0
54.4442;18.65301;2016-12-20 00:39:02;0;0
54.4442;18.65301;2016-12-20 00:39:08;0;0
54.4442;18.65301;2016-12-20 00:41:01;5.62263041121817;5.63692922802444
54.44417;18.65294;2016-12-20 00:41:06;7.7176785205384;7.73034434320097
54.44411;18.65288;2016-12-20 00:43:02;0;0
54.44411;18.65288;2016-12-20 00:43:06;0;0
54.44411;18.65288;2016-12-20 00:45:02;0;0
54.44411;18.65288;2016-12-20 00:45:07;2.95101540665655;2.95706653315314
54.44409;18.65285;2016-12-20 00:47:02;0;0
54.44409;18.65285;2016-12-20 00:47:06;2.23588893664901;2.24210860450195
54.4441;18.65282;2016-12-20 00:49:01;0;0
54.4441;18.65282;2016-12-20 00:49:06;0;0
54.4441;18.65282;2016-12-20 00:51:02;0;0
54.4441;18.65282;2016-12-20 00:51:07;5.17276096346766;5.19006636765766
54.4441;18.6529;2016-12-20 00:53:02;0;0
54.4441;18.6529;2016-12-20 00:53:07;4.8523872795398;4.85932181799422
54.44414;18.65293;2016-12-20 00:55:01;4.8523872795398;4.85932181799422
54.4441;18.6529;2016-12-20 00:55:06;4.8523872795398;4.85932181799422
54.44414;18.65293;2016-12-20 00:57:02;0;0
54.44414;18.65293;2016-12-20 00:57:14;1.1119492665983;1.11313258401836
54.44413;18.65293;2016-12-20 00:59:02;0;0
54.44413;18.65293;2016-12-20 00:59:07;0;0
54.44413;18.65293;2016-12-20 01:01:02;2.57255950732289;2.57678144973599
54.44415;18.65295;2016-12-20 01:01:08;0;0
54.44415;18.65295;2016-12-20 01:03:02;0;0
54.44415;18.65295;2016-12-20 01:03:06;7.75913197219554;7.78509006830891
54.44415;18.65283;2016-12-20 01:05:02;0;0
54.44415;18.65283;2016-12-20 01:05:06;4.63197984527106;4.63773362735608
54.44411;18.65281;2016-12-20 01:07:02;0;0
54.44411;18.65281;2016-12-20 01:07:07;0;0
54.44411;18.65281;2016-12-20 01:09:01;0;0
54.44411;18.65281;2016-12-20 01:09:06;8.42836113283931;8.44016220625966
54.44404;18.65276;2016-12-20 01:11:01;0;0
54.44404;18.65276;2016-12-20 01:11:06;5.62264464686172;5.63694343732
54.44401;18.65269;2016-12-20 01:13:10;0;0
54.44401;18.65269;2016-12-20 01:13:15;0;0
54.44401;18.65269;2016-12-20 01:15:02;0;0
54.44401;18.65269;2016-12-20 01:15:16;3.23298270696668;3.24379859210502
54.44401;18.65264;2016-12-20 01:17:02;3.23298270696668;3.24379859210502
54.44401;18.65269;2016-12-20 01:17:06;3.23298270696668;3.24379859210502
54.44401;18.65264;2016-12-20 01:19:02;0;0
54.44401;18.65264;2016-12-20 01:19:07;2.95101852029492;2.95706962536433
54.44399;18.65261;2016-12-20 01:21:03;0;0
54.44399;18.65261;2016-12-20 01:21:08;3.39793589485155;3.40183283458377
54.44396;18.6526;2016-12-20 01:23:01;0;0
54.44396;18.6526;2016-12-20 01:23:13;2.31599062819805;2.31886746396217
54.44398;18.65259;2016-12-20 01:25:02;2.31599062819805;2.31886746396217
54.44396;18.6526;2016-12-20 01:25:07;2.31599062819805;2.31886746396217
54.44398;18.65259;2016-12-20 01:27:02;0;0
54.44398;18.65259;2016-12-20 01:27:06;1.1119492665983;1.1131325563577
54.44399;18.65259;2016-12-20 01:29:02;0;0
54.44399;18.65259;2016-12-20 01:29:07;1.93979057166419;1.94628010382126
54.44399;18.65262;2016-12-20 01:33:02;0;0
54.44399;18.65262;2016-12-20 01:33:07;3.23298428583273;3.24380017265124
54.44399;18.65267;2016-12-20 01:35:02;0;0
54.44399;18.65267;2016-12-20 01:35:07;0;0
54.44399;18.65267;2016-12-20 01:37:02;4.4477970663932;4.45253024328178
54.44403;18.65267;2016-12-20 01:39:01;0;0
54.44403;18.65267;2016-12-20 01:39:06;1.1119492665983;1.11313256439901
54.44404;18.65267;2016-12-20 01:41:01;0;0
54.44404;18.65267;2016-12-20 01:41:06;4.64543324958168;4.65551270574622
54.44401;18.65272;2016-12-20 01:43:01;0;0
54.44401;18.65272;2016-12-20 01:43:15;0;0
54.44401;18.65272;2016-12-20 01:45:02;0;0
54.44401;18.65272;2016-12-20 01:45:06;7.71768328370833;7.73034902263826
54.44407;18.65278;2016-12-20 01:47:02;0;0
54.44407;18.65278;2016-12-20 01:47:14;4.494550499394;4.49954593474547
54.44411;18.65279;2016-12-20 01:49:02;0;0
54.44411;18.65279;2016-12-20 01:49:15;0;0
54.44411;18.65279;2016-12-20 01:51:02;0;0
54.44411;18.65279;2016-12-20 01:51:07;6.22981780754769;6.2488502940273
54.44409;18.65288;2016-12-20 01:53:02;0;0
54.44409;18.65288;2016-12-20 01:53:07;4.47177746253864;4.48421679824143
54.44411;18.65282;2016-12-20 01:55:01;0;0
54.44411;18.65282;2016-12-20 01:55:06;0;0
54.44411;18.65282;2016-12-20 01:57:02;0;0
54.44411;18.65282;2016-12-20 01:57:06;1.93978488774285;1.94627441385127
54.44411;18.65285;2016-12-20 01:59:02;0;0
54.44411;18.65285;2016-12-20 01:59:06;3.87956977527996;3.89254882724148
54.44411;18.65291;2016-12-20 02:01:02;0;0
54.44411;18.65291;2016-12-20 02:01:07;0;0
54.44411;18.65291;2016-12-20 02:03:01;0;0
54.44411;18.65291;2016-12-20 02:03:06;5.14511933129736;5.15356320747605
54.44415;18.65287;2016-12-20 02:05:02;0;0
54.44415;18.65287;2016-12-20 02:05:06;7.45210984134091;7.47552833317363
54.44413;18.65298;2016-12-20 02:07:02;0;0
54.44413;18.65298;2016-12-20 02:07:15;0;0
54.44413;18.65298;2016-12-20 02:09:01;0;0
54.44413;18.65298;2016-12-20 02:09:06;6.43139817223259;6.44195303485944
54.44418;18.65293;2016-12-20 02:11:01;0;0
54.44418;18.65293;2016-12-20 02:11:06;1.70551025474978;1.70956324944166
54.44419;18.65295;2016-12-20 02:13:02;0;0
54.44419;18.65295;2016-12-20 02:13:06;0;0
54.44419;18.65295;2016-12-20 02:15:02;0;0
54.44419;18.65295;2016-12-20 02:15:07;7.83839446718691;7.86425830257857
54.4442;18.65307;2016-12-20 02:17:02;0;0
54.4442;18.65307;2016-12-20 02:17:06;4.63197905177428;4.63773289476876
54.44424;18.65305;2016-12-20 02:19:02;0;0
54.44424;18.65305;2016-12-20 02:19:07;0;0
54.44424;18.65305;2016-12-20 02:21:02;0;0
54.44424;18.65305;2016-12-20 02:21:15;6.43139579110532;6.44195069496455
54.44419;18.6531;2016-12-20 02:23:02;0;0
54.44419;18.6531;2016-12-20 02:23:06;8.40571809276516;8.43383935487425
54.44419;18.65297;2016-12-20 02:25:02;0;0
54.44419;18.65297;2016-12-20 02:25:06;0;0
54.44419;18.65297;2016-12-20 02:27:02;0;0
54.44419;18.65297;2016-12-20 02:27:06;0.646593699554301;0.648756873434226
54.44419;18.65296;2016-12-20 02:29:02;0;0
54.44419;18.65296;2016-12-20 02:29:07;8.4458183612986;8.47107092036429
54.44422;18.65308;2016-12-20 02:31:02;0;0
54.44422;18.65308;2016-12-20 02:31:06;0;0
54.44422;18.65308;2016-12-20 02:33:02;0;0
54.44422;18.65308;2016-12-20 02:33:15;0;0
54.44422;18.65308;2016-12-20 02:35:01;3.33584779908758;3.33939780701963
54.44425;18.65308;2016-12-20 02:35:06;2.31598943741639;2.31886636702723
54.44423;18.65307;2016-12-20 02:37:02;0;0
54.44423;18.65307;2016-12-20 02:37:06;0;0
54.44423;18.65307;2016-12-20 02:39:02;0;0
54.44423;18.65307;2016-12-20 02:39:06;5.49863381519197;5.5088250687155
54.44419;18.65302;2016-12-20 02:41:03;0;0
54.44419;18.65302;2016-12-20 02:41:08;2.31598961373617;2.31886652774054
54.44421;18.65301;2016-12-20 02:43:02;0;0
54.44421;18.65301;2016-12-20 02:43:06;0;0
54.44421;18.65301;2016-12-20 02:45:02;0;0
54.44421;18.65301;2016-12-20 02:45:07;0;0
54.44421;18.65301;2016-12-20 02:47:01;3.92400368050592;3.93425832822095
54.44419;18.65306;2016-12-20 02:47:14;5.62263130123032;5.63693011539828
54.44416;18.65299;2016-12-20 02:49:02;0;0
54.44416;18.65299;2016-12-20 02:49:06;0;0
54.44416;18.65299;2016-12-20 02:51:10;0;0
54.44416;18.65299;2016-12-20 02:51:15;7.85595854033015;7.87901213532049
54.44413;18.65288;2016-12-20 02:53:02;0;0
54.44413;18.65288;2016-12-20 02:53:07;6.70295512474497;6.71023070847268
54.44407;18.65287;2016-12-20 02:55:02;0;0
54.44407;18.65287;2016-12-20 02:55:07;0;0
54.44407;18.65287;2016-12-20 02:57:02;0;0
54.44407;18.65287;2016-12-20 02:57:06;2.31599014331771;2.31886701625003
54.44409;18.65286;2016-12-20 02:59:02;0;0
54.44409;18.65286;2016-12-20 02:59:14;1.1119492665983;1.11313257456112
54.44408;18.65286;2016-12-20 03:01:10;0;0
54.44408;18.65286;2016-12-20 03:01:15;0;0
54.44408;18.65286;2016-12-20 03:03:01;0;0
54.44408;18.65286;2016-12-20 03:03:06;4.64542940258934;4.65550887854796
54.44411;18.65291;2016-12-20 03:05:01;0;0
54.44411;18.65291;2016-12-20 03:05:06;6.43139896519256;6.4419538135294
54.44416;18.65286;2016-12-20 03:07:02;0;0
54.44416;18.65286;2016-12-20 03:07:06;0;0
54.44416;18.65286;2016-12-20 03:09:02;0;0
54.44416;18.65286;2016-12-20 03:09:15;0;0
54.44416;18.65286;2016-12-20 03:11:01;2.23588647087472;2.24210613992159
54.44415;18.65289;2016-12-20 03:11:14;5.49863752843128;5.50882874418451
54.44411;18.65294;2016-12-20 03:13:01;0;0
54.44411;18.65294;2016-12-20 03:13:06;0;0
54.44411;18.65294;2016-12-20 03:15:01;0;0
54.44411;18.65294;2016-12-20 03:15:06;7.19893806984937;7.22263064528937
54.44412;18.65283;2016-12-20 03:17:01;0;0
54.44412;18.65283;2016-12-20 03:17:06;3.87956882816463;3.89254787914286
54.44412;18.65277;2016-12-20 03:19:02;0;0
54.44412;18.65277;2016-12-20 03:19:06;0;0
54.44412;18.65277;2016-12-20 03:21:02;0;0
54.44412;18.65277;2016-12-20 03:21:06;5.70816263530091;5.7149062124277
54.44407;18.65275;2016-12-20 03:23:02;0;0
54.44407;18.65275;2016-12-20 03:23:07;3.5777402383278;3.58261497278695
54.44404;18.65277;2016-12-20 03:25:01;0;0
54.44404;18.65277;2016-12-20 03:25:06;0;0
54.44404;18.65277;2016-12-20 03:27:02;0;0
54.44404;18.65277;2016-12-20 03:27:16;3.41102697356444;3.41913294408282
54.44406;18.65273;2016-12-20 03:29:02;3.41102697356444;3.41913294408282
54.44404;18.65277;2016-12-20 03:29:07;6.70767174166165;6.7263307419594
54.44407;18.65268;2016-12-20 03:31:02;0;0
54.44407;18.65268;2016-12-20 03:31:07;0;0
54.44407;18.65268;2016-12-20 03:33:02;0;0
54.44407;18.65268;2016-12-20 03:33:14;0;0
54.44407;18.65268;2016-12-20 03:35:01;1.70551288835326;1.70956587479186
54.44408;18.65266;2016-12-20 03:35:06;5.11653938381859;5.12869834086383
54.44405;18.65272;2016-12-20 03:37:01;0;0
54.44405;18.65272;2016-12-20 03:37:06;0;0
54.44405;18.65272;2016-12-20 03:39:02;0;0
54.44405;18.65272;2016-12-20 03:39:06;5.92464575835191;5.94399099325746
54.44404;18.65281;2016-12-20 03:41:02;0;0
54.44404;18.65281;2016-12-20 03:41:07;4.49455056750618;4.49954598136146
54.44408;18.6528;2016-12-20 03:43:01;0;0
54.44408;18.6528;2016-12-20 03:43:06;0;0
54.44408;18.6528;2016-12-20 03:45:01;0;0
54.44408;18.6528;2016-12-20 03:45:06;2.57256030038638;2.57678222769875
54.4441;18.65278;2016-12-20 03:47:02;0;0
54.4441;18.65278;2016-12-20 03:47:06;5.2909255988939;5.30809378197035
54.44409;18.65286;2016-12-20 03:49:02;0;0
54.44409;18.65286;2016-12-20 03:49:06;0;0
54.44409;18.65286;2016-12-20 03:51:02;0;0
54.44409;18.65286;2016-12-20 03:51:07;2.31599005453592;2.31886693606995
54.44411;18.65285;2016-12-20 03:53:02;0;0
54.44411;18.65285;2016-12-20 03:53:14;4.03577615038374;4.04857960546932
54.44412;18.65279;2016-12-20 03:55:01;0;0
54.44412;18.65279;2016-12-20 03:55:06;0;0
54.44412;18.65279;2016-12-20 03:57:02;0;0
54.44412;18.65279;2016-12-20 03:57:07;1.28627995085726;1.28839091794327
54.44411;18.65278;2016-12-20 03:59:01;0;0
54.44411;18.65278;2016-12-20 03:59:06;7.27574159292697;7.29659647410932
54.44408;18.65288;2016-12-20 04:01:01;0;0
54.44408;18.65288;2016-12-20 04:01:13;0;0
54.44408;18.65288;2016-12-20 04:03:02;0;0
54.44408;18.65288;2016-12-20 04:03:06;3.85884033162724;3.86517322414473
54.44411;18.65285;2016-12-20 04:05:02;0;0
54.44411;18.65285;2016-12-20 04:05:14;4.66075030469635;4.67573823830533
54.44412;18.65278;2016-12-20 04:07:02;0;0
54.44412;18.65278;2016-12-20 04:07:06;0;0
54.44412;18.65278;2016-12-20 04:09:02;0;0
54.44412;18.65278;2016-12-20 04:09:07;2.9510150949084;2.95706622287159
54.4441;18.65281;2016-12-20 04:11:01;0;0
54.4441;18.65281;2016-12-20 04:11:13;6.82205107424182;6.83826302257372
54.44406;18.65289;2016-12-20 04:13:02;0;0
54.44406;18.65289;2016-12-20 04:13:07;0;0
54.44406;18.65289;2016-12-20 04:15:01;0;0
54.44406;18.65289;2016-12-20 04:15:13;11.1794467389548;11.2105450759783
54.44411;18.65274;2016-12-20 04:17:01;0;0
54.44411;18.65274;2016-12-20 04:17:07;2.95101478409115;2.95706591294374
54.44413;18.65271;2016-12-20 04:19:02;0;0
54.44413;18.65271;2016-12-20 04:19:07;0;0
54.44413;18.65271;2016-12-20 04:21:01;0;0
54.44413;18.65271;2016-12-20 04:21:06;5.70816256440441;5.71490614946922
54.44408;18.65273;2016-12-20 04:23:02;0;0
54.44408;18.65273;2016-12-20 04:23:06;9.75192088398163;9.77413928121449
54.44402;18.65284;2016-12-20 04:25:02;0;0
54.44402;18.65284;2016-12-20 04:25:07;0;0
54.44402;18.65284;2016-12-20 04:27:02;0;0
54.44402;18.65284;2016-12-20 04:27:07;10.7332203739623;10.7478445897745
54.44411;18.65278;2016-12-20 04:29:01;0;0
54.44411;18.65278;2016-12-20 04:29:14;5.63055775853833;5.64739280072975
54.44409;18.65286;2016-12-20 04:31:02;0;0
54.44409;18.65286;2016-12-20 04:31:14;0;0
54.44409;18.65286;2016-12-20 04:33:02;0;0
54.44409;18.65286;2016-12-20 04:33:15;2.9510160298902;2.95706715053598
54.44407;18.65289;2016-12-20 04:35:01;0;0
54.44407;18.65289;2016-12-20 04:35:06;5.29092930349655;5.30809748968961
54.44406;18.65281;2016-12-20 04:37:01;0;0
54.44406;18.65281;2016-12-20 04:39:10;0;0
54.44406;18.65281;2016-12-20 04:39:15;6.70295523137781;6.71023073897903
54.444;18.65282;2016-12-20 04:41:02;0;0
54.444;18.65282;2016-12-20 04:41:07;5.90203579558603;5.91413801349166
54.44404;18.65276;2016-12-20 04:43:01;0;0
54.44404;18.65276;2016-12-20 04:43:13;0;0
54.44404;18.65276;2016-12-20 04:45:02;0;0
54.44404;18.65276;2016-12-20 04:45:07;5.04301219148951;5.05764824529563
54.44402;18.65269;2016-12-20 04:47:01;0;0
54.44402;18.65269;2016-12-20 04:47:13;4.44779706568588;4.45253023585764
54.44398;18.65269;2016-12-20 04:49:02;0;0
54.44398;18.65269;2016-12-20 04:49:07;0;0
54.44398;18.65269;2016-12-20 04:51:02;0;0
54.44398;18.65269;2016-12-20 04:51:07;5.49864541894734;5.50883655252809
54.44394;18.65264;2016-12-20 04:53:01;0;0
54.44394;18.65264;2016-12-20 04:53:14;5.90203953192535;5.91414172484868
54.44398;18.65258;2016-12-20 04:55:01;5.90203953192535;5.91414172484868
54.44394;18.65264;2016-12-20 04:55:06;5.90203953192535;5.91414172484868
54.44398;18.65258;2016-12-20 04:57:02;0;0
54.44398;18.65258;2016-12-20 04:57:07;1.2931940301474;1.29752038493922
54.44398;18.6526;2016-12-20 04:59:02;0;0
54.44398;18.6526;2016-12-20 04:59:07;5.49864541918917;5.50883655288128
54.44394;18.65265;2016-12-20 05:01:01;0;0
54.44394;18.65265;2016-12-20 05:01:05;0;0
54.44394;18.65265;2016-12-20 05:03:02;0;0
54.44394;18.65265;2016-12-20 05:03:08;4.63198134387697;4.6377350088121
54.44398;18.65267;2016-12-20 05:05:01;0;0
54.44398;18.65267;2016-12-20 05:05:06;3.85884271275643;3.86517556439378
54.44401;18.6527;2016-12-20 05:07:02;0;0
54.44401;18.6527;2016-12-20 05:07:06;0;0
54.44401;18.6527;2016-12-20 05:09:10;0;0
54.44401;18.6527;2016-12-20 05:09:15;3.41886105383669;3.42947459066355
54.444;18.65275;2016-12-20 05:11:02;0;0
54.444;18.65275;2016-12-20 05:11:07;3.92401603775221;3.93427066888842
54.44402;18.6527;2016-12-20 05:13:09;0;0
54.44402;18.6527;2016-12-20 05:13:14;0;0
54.44402;18.6527;2016-12-20 05:15:01;0;0
54.44402;18.6527;2016-12-20 05:15:06;3.33584779908758;3.33939769461173
54.44405;18.6527;2016-12-20 05:17:02;0;0
54.44405;18.6527;2016-12-20 05:17:06;1.29319181973451;1.29751817240458
54.44405;18.65272;2016-12-20 05:19:02;0;0
54.44405;18.65272;2016-12-20 05:19:06;0;0
54.44405;18.65272;2016-12-20 05:21:01;0;0
54.44405;18.65272;2016-12-20 05:21:14;7.84802947506155;7.86853874007767
54.44401;18.65282;2016-12-20 05:23:02;0;0
54.44401;18.65282;2016-12-20 05:23:06;8.85305182627861;8.87120516473565
54.44407;18.65273;2016-12-20 05:25:02;0;0
54.44407;18.65273;2016-12-20 05:25:06;0;0
54.44407;18.65273;2016-12-20 05:27:02;0;0
54.44407;18.65273;2016-12-20 05:27:07;2.95101665312386;2.95706777003848
54.44405;18.6527;2016-12-20 05:29:02;0;0
54.44405;18.6527;2016-12-20 05:29:06;1.70551360572887;1.70956659163252
54.44404;18.65272;2016-12-20 05:31:02;0;0
54.44404;18.65272;2016-12-20 05:31:07;0;0
54.44404;18.65272;2016-12-20 05:33:02;0;0
54.44404;18.65272;2016-12-20 05:33:07;5.49864263413702;5.50883379787013
54.444;18.65277;2016-12-20 05:35:01;0;0
54.444;18.65277;2016-12-20 05:35:07;3.41102888856428;3.41913485365335
54.44402;18.65273;2016-12-20 05:37:02;0;0
54.44402;18.65273;2016-12-20 05:37:07;0;0
54.44402;18.65273;2016-12-20 05:39:01;0;0
54.44402;18.65273;2016-12-20 05:39:06;6.46596383547791;6.48759560412409
54.44402;18.65263;2016-12-20 05:41:02;0;0
54.44402;18.65263;2016-12-20 05:41:06;6.13189836662129;6.14091475023365
54.44397;18.65267;2016-12-20 05:43:02;0;0
54.44397;18.65267;2016-12-20 05:43:07;0;0
54.44397;18.65267;2016-12-20 05:45:01;0;0
54.44397;18.65267;2016-12-20 05:45:06;2.58638869204665;2.59504140301864
54.44397;18.65263;2016-12-20 05:47:01;0;0
54.44397;18.65263;2016-12-20 05:47:06;1.70551528252355;1.70956826166654
54.44398;18.65261;2016-12-20 05:49:02;0;0
54.44398;18.65261;2016-12-20 05:49:07;0;0
54.44398;18.65261;2016-12-20 05:51:01;0;0
54.44398;18.65261;2016-12-20 05:51:06;3.41886254732239;3.42947608405464
54.44399;18.65266;2016-12-20 05:53:01;0;0
54.44399;18.65266;2016-12-20 05:53:07;7.32447628311007;7.34282292616511
54.44403;18.65275;2016-12-20 05:55:02;0;0
54.44403;18.65275;2016-12-20 05:55:07;0;0
54.44403;18.65275;2016-12-20 05:57:02;0;0
54.44403;18.65275;2016-12-20 05:57:15;4.85238860490763;4.85932309949689
54.44407;18.65278;2016-12-20 05:59:02;4.85238860490763;4.85932309949689
54.44403;18.65275;2016-12-20 05:59:07;17.7760152446803;17.808678227957
54.44416;18.65291;2016-12-20 06:01:02;0;0
54.44416;18.65291;2016-12-20 06:01:07;0;0
54.44416;18.65291;2016-12-20 06:03:01;0;0
54.44416;18.65291;2016-12-20 06:03:06;4.52615921188891;4.54130143342429
54.44416;18.65298;2016-12-20 06:05:02;0;0
54.44416;18.65298;2016-12-20 06:05:07;2.31598974659783;2.31886665119547
54.44418;18.65297;2016-12-20 06:07:02;0;0
54.44418;18.65297;2016-12-20 06:07:07;0;0
54.44418;18.65297;2016-12-20 06:09:01;0;0
54.44418;18.65297;2016-12-20 06:09:06;3.92400563197227;3.93426027738058
54.44416;18.65292;2016-12-20 06:11:02;0;0
54.44416;18.65292;2016-12-20 06:11:07;7.16916463017769;7.18331730775721
54.44411;18.65285;2016-12-20 06:13:01;0;0
54.44411;18.65285;2016-12-20 06:13:07;0;0
54.44411;18.65285;2016-12-20 06:15:01;8.06211631176515;8.07649723997482
54.44405;18.65278;2016-12-20 06:17:02;0;0
54.44405;18.65278;2016-12-20 06:17:07;5.62264375601079;5.63694254782274
54.44402;18.65271;2016-12-20 06:19:02;0;0
54.44402;18.65271;2016-12-20 06:19:07;0;0
54.44402;18.65271;2016-12-20 06:21:02;0;0
54.44402;18.65271;2016-12-20 06:21:15;1.28628074565198;1.28839169873511
54.44401;18.65272;2016-12-20 06:23:02;0;0
54.44401;18.65272;2016-12-20 06:23:07;5.11654225701018;5.12870120645835
54.44404;18.65278;2016-12-20 06:25:02;0;0
54.44404;18.65278;2016-12-20 06:25:08;0;0
54.44404;18.65278;2016-12-20 06:27:02;0;0
54.44404;18.65278;2016-12-20 06:27:07;1.7055136058848;1.709566591279
54.44405;18.6528;2016-12-20 06:29:02;0;0
54.44405;18.6528;2016-12-20 06:29:07;3.39793562514637;3.40183261321984
54.44408;18.65279;2016-12-20 06:31:02;0;0
54.44408;18.65279;2016-12-20 06:31:07;0;0
54.44408;18.65279;2016-12-20 06:33:01;0;0
54.44408;18.65279;2016-12-20 06:33:07;2.81527974970712;2.82369727030337
54.44409;18.65283;2016-12-20 06:35:01;0;0
54.44409;18.65283;2016-12-20 06:35:07;4.64542885216872;4.65550833084725
54.44412;18.65288;2016-12-20 06:37:02;0;0
54.44412;18.65288;2016-12-20 06:37:16;0;0
54.44412;18.65288;2016-12-20 06:39:02;0;0
54.44412;18.65288;2016-12-20 06:39:07;3.57773932654435;3.5826140992571
54.44415;18.6529;2016-12-20 06:41:02;0;0
54.44415;18.6529;2016-12-20 06:41:07;1.29318866220412;1.29751501153863
54.44415;18.65292;2016-12-20 06:43:01;0;0
54.44415;18.65292;2016-12-20 06:43:06;0;0
54.44415;18.65292;2016-12-20 06:45:01;0;0
54.44415;18.65292;2016-12-20 06:45:07;2.57255950732289;2.57678144938336
54.44413;18.6529;2016-12-20 06:47:02;0;0
54.44413;18.6529;2016-12-20 06:47:07;3.85883985542224;3.86517275630708
54.4441;18.65287;2016-12-20 06:49:02;0;0
54.4441;18.65287;2016-12-20 06:49:06;0;0
54.4441;18.65287;2016-12-20 06:51:02;0;0
54.4441;18.65287;2016-12-20 06:51:14;0;0
54.4441;18.65287;2016-12-20 06:53:01;0;0
54.4441;18.65287;2016-12-20 06:53:07;2.22389853178195;2.22626515751843
54.44412;18.65287;2016-12-20 06:55:01;0;0
54.44412;18.65287;2016-12-20 06:55:06;0;0
54.44412;18.65287;2016-12-20 06:57:02;0;0
54.44412;18.65287;2016-12-20 06:57:06;4.03577615018605;4.04857960529287
54.44411;18.65293;2016-12-20 06:59:02;0;0
54.44411;18.65293;2016-12-20 06:59:07;4.63197984521364;4.6377336270027
54.44415;18.65291;2016-12-20 07:01:02;0;0
54.44415;18.65291;2016-12-20 07:01:07;0;0
54.44415;18.65291;2016-12-20 07:03:01;0;0
54.44415;18.65291;2016-12-20 07:03:06;2.81527568784665;2.82369320823216
54.44416;18.65287;2016-12-20 07:05:02;0;0
54.44416;18.65287;2016-12-20 07:05:06;3.41884985636532;3.42946338696542
54.44415;18.65292;2016-12-20 07:07:02;0;0
54.44415;18.65292;2016-12-20 07:07:07;0;0
54.44415;18.65292;2016-12-20 07:09:02;0;0
54.44415;18.65292;2016-12-20 07:09:07;2.58637732399691;2.59503002261626
54.44415;18.65296;2016-12-20 07:11:02;0;0
54.44415;18.65296;2016-12-20 07:11:07;6.70295500290165;6.7102306746184
54.44421;18.65295;2016-12-20 07:13:01;0;0
54.44421;18.65295;2016-12-20 07:13:06;0;0
54.44421;18.65295;2016-12-20 07:15:01;0;0
54.44421;18.65295;2016-12-20 07:15:06;1.1119492665983;1.11313259921733
54.44422;18.65295;2016-12-20 07:17:02;0;0
54.44422;18.65295;2016-12-20 07:17:06;0;0
54.44422;18.65295;2016-12-20 07:19:02;0;0
54.44422;18.65295;2016-12-20 07:19:08;0;0
54.44422;18.65295;2016-12-20 07:21:02;0;0
54.44422;18.65295;2016-12-20 07:21:06;6.22980055214153;6.24883303266819
54.44424;18.65304;2016-12-20 07:23:02;0;0
54.44424;18.65304;2016-12-20 07:23:14;2.57255776052397;2.57677973115059
54.44426;18.65306;2016-12-20 07:25:02;0;0
54.44426;18.65306;2016-12-20 07:25:07;0;0
54.44426;18.65306;2016-12-20 07:27:01;0;0
54.44426;18.65306;2016-12-20 07:27:06;2.95101011437036;2.95706127498176
54.44428;18.65303;2016-12-20 07:29:02;0;0
54.44428;18.65303;2016-12-20 07:29:06;7.41374036545888;7.42484932214783
54.44434;18.65308;2016-12-20 07:31:02;0;0
54.44434;18.65308;2016-12-20 07:31:08;0;0
54.44434;18.65308;2016-12-20 07:33:02;0;0
54.44434;18.65308;2016-12-20 07:33:07;4.22103793285578;4.2291478712845
54.44437;18.65312;2016-12-20 07:35:01;4.22103793285578;4.2291478712845
54.44434;18.65308;2016-12-20 07:35:06;9.29082858907471;9.31098769182109
54.4444;18.65318;2016-12-20 07:37:02;0;0
54.4444;18.65318;2016-12-20 07:37:06;0;0
54.4444;18.65318;2016-12-20 07:39:02;0;0
54.4444;18.65318;2016-12-20 07:39:07;1.1119492665983;1.11313263226764
54.44439;18.65318;2016-12-20 07:41:02;0;0
54.44439;18.65318;2016-12-20 07:41:06;3.87954325024756;3.89252227398109
54.44439;18.65312;2016-12-20 07:43:02;0;0
54.44439;18.65312;2016-12-20 07:43:07;0;0
54.44439;18.65312;2016-12-20 07:45:01;0;0
54.44439;18.65312;2016-12-20 07:45:06;4.47175445099701;4.48419380045057
54.44437;18.65306;2016-12-20 07:47:10;0;0
54.44437;18.65306;2016-12-20 07:47:14;4.63197790433808;4.63773183721653
54.44433;18.65308;2016-12-20 07:49:02;0;0
54.44433;18.65308;2016-12-20 07:49:07;0;0
54.44433;18.65308;2016-12-20 07:51:02;0;0
54.44433;18.65308;2016-12-20 07:51:07;3.92399587619583;3.9342505354738
54.44431;18.65313;2016-12-20 07:53:02;3.92399587619583;3.9342505354738
54.44433;18.65308;2016-12-20 07:53:07;2.31598908613544;2.31886604170618
54.44431;18.65307;2016-12-20 07:55:01;0;0
54.44431;18.65307;2016-12-20 07:55:15;0;0
54.44431;18.65307;2016-12-20 07:57:01;0;0
54.44431;18.65307;2016-12-20 07:57:07;5.11652070730105;5.12867972140216
54.44434;18.65301;2016-12-20 07:59:01;0;0
54.44434;18.65301;2016-12-20 07:59:06;0;0
54.44434;18.65301;2016-12-20 08:01:02;3.57773715668394;3.58261202077841
54.44431;18.65303;2016-12-20 08:01:07;0;0
54.44431;18.65303;2016-12-20 08:03:01;0;0
54.44431;18.65303;2016-12-20 08:03:06;5.29089966622058;5.30806782705155
54.4443;18.65311;2016-12-20 08:05:02;0;0
54.4443;18.65311;2016-12-20 08:05:07;5.63053571077756;5.64737074908561
54.44428;18.65303;2016-12-20 08:07:02;0;0
54.44428;18.65303;2016-12-20 08:07:07;0;0
54.44428;18.65303;2016-12-20 08:09:02;0;0
54.44428;18.65303;2016-12-20 08:09:15;9.54539677148134;9.56994891639342
54.44423;18.65291;2016-12-20 08:11:02;0;0
54.44423;18.65291;2016-12-20 08:11:17;0;0
54.44423;18.65291;2016-12-20 08:13:01;0;0
54.44423;18.65291;2016-12-20 08:13:06;8.69690327385845;8.71011010950024
54.44416;18.65285;2016-12-20 08:15:02;0;0
54.44416;18.65285;2016-12-20 08:15:15;7.59395743489415;7.61008191009058
54.44411;18.65277;2016-12-20 08:17:01;0;0
54.44411;18.65277;2016-12-20 08:17:06;7.41374828459522;7.42485703426917
54.44405;18.65272;2016-12-20 08:19:02;0;0
54.44405;18.65272;2016-12-20 08:19:07;0;0
54.44405;18.65272;2016-12-20 08:21:01;0;0
54.44405;18.65272;2016-12-20 08:21:06;9.71854789524185;9.73684525542516
54.44398;18.65263;2016-12-20 08:23:02;0;0
54.44398;18.65263;2016-12-20 08:23:07;9.76248875120877;9.7948603532625
54.44397;18.65248;2016-12-20 08:25:02;0;0
54.44397;18.65248;2016-12-20 08:25:07;0;0
54.44397;18.65248;2016-12-20 08:27:01;0;0
54.44397;18.65248;2016-12-20 08:27:15;6.56088495351509;6.58240480974227
54.44398;18.65238;2016-12-20 08:29:01;0;0
54.44398;18.65238;2016-12-20 08:29:06;0;0
54.44398;18.65238;2016-12-20 08:31:02;1.28628106312218;1.28839201062702
54.44397;18.65237;2016-12-20 08:31:15;0;0
54.44397;18.65237;2016-12-20 08:33:01;0;0
54.44397;18.65237;2016-12-20 08:33:06;2.81528671189904;2.82370423370061
54.44396;18.65241;2016-12-20 08:35:01;0;0
54.44396;18.65241;2016-12-20 08:35:15;5.04302012618536;5.0576561783013
54.44394;18.65248;2016-12-20 08:37:01;0;0
54.44394;18.65248;2016-12-20 08:37:06;0;0
54.44394;18.65248;2016-12-20 08:39:02;0;0
54.44394;18.65248;2016-12-20 08:39:07;5.29094535678613;5.30811355700245
54.44393;18.65256;2016-12-20 08:41:02;0;0
54.44393;18.65256;2016-12-20 08:41:06;2.31599076049565;2.31886758706289
54.44395;18.65257;2016-12-20 08:43:09;0;0
54.44395;18.65257;2016-12-20 08:43:14;0;0
54.44395;18.65257;2016-12-20 08:45:02;0;0
54.44395;18.65257;2016-12-20 08:45:07;4.47178896882409;4.48422829749043
54.44397;18.65251;2016-12-20 08:47:02;0;0
54.44397;18.65251;2016-12-20 08:47:06;2.23589386801125;2.24211353224542
54.44398;18.65248;2016-12-20 08:49:02;0;0
54.44398;18.65248;2016-12-20 08:49:07;0;0
54.44398;18.65248;2016-12-20 08:51:02;0;0
54.44398;18.65248;2016-12-20 08:51:07;4.64543489692327;4.65551434567135
54.44401;18.65243;2016-12-20 08:53:02;0;0
54.44401;18.65243;2016-12-20 08:53:07;2.81528439035855;2.82370191292151
54.444;18.65239;2016-12-20 08:55:02;0;0
54.444;18.65239;2016-12-20 08:55:07;0;0
54.444;18.65239;2016-12-20 08:57:01;0;0
54.444;18.65239;2016-12-20 08:57:06;5.59721958559216;5.60334649658518
54.44395;18.65238;2016-12-20 08:59:01;0;0
54.44395;18.65238;2016-12-20 08:59:14;5.6226526535654;5.63695142827947
54.44392;18.65245;2016-12-20 09:01:00;5.6226526535654;5.63695142827947
54.44395;18.65238;2016-12-20 09:01:05;5.6226526535654;5.63695142827947
54.44392;18.65245;2016-12-20 09:03:01;0;0
54.44392;18.65245;2016-12-20 09:03:06;5.04302409356649;5.05766014603975
54.4439;18.65252;2016-12-20 09:05:01;0;0
54.4439;18.65252;2016-12-20 09:05:06;5.597219676062;5.60334654150304
54.44395;18.65251;2016-12-20 09:07:02;0;0
54.44395;18.65251;2016-12-20 09:07:07;0;0
54.44395;18.65251;2016-12-20 09:09:01;0;0
54.44395;18.65251;2016-12-20 09:09:14;8.9891014537369;8.9990921799057
54.44403;18.65253;2016-12-20 09:11:02;0;0
54.44403;18.65253;2016-12-20 09:11:07;23.7157932989034;23.7875296010308
54.44411;18.65287;2016-12-20 09:31:02;0;0
54.44411;18.65287;2016-12-20 09:31:07;0;0
54.44411;18.65287;2016-12-20 09:33:01;4.47177581898663;4.4842151558951
54.44413;18.65281;2016-12-20 09:35:02;7.41374552982811;7.42485435223883
54.44419;18.65276;2016-12-20 09:37:02;0;0
54.44419;18.65276;2016-12-20 09:37:06;0;0
54.44419;18.65276;2016-12-20 09:39:02;1.93978109866289;1.94627062053315
54.44419;18.65273;2016-12-20 09:43:01;0;0
54.44419;18.65273;2016-12-20 09:45:01;7.81045527034926;7.81888930240915
54.44412;18.65274;2016-12-20 09:47:02;0;0
54.44412;18.65274;2016-12-20 09:47:07;1.70551192970032;1.70956491947695
54.44411;18.65276;2016-12-20 09:49:02;0;0
54.44411;18.65276;2016-12-20 09:51:02;3.33584779908758;3.33939772943004
54.44408;18.65276;2016-12-20 09:53:01;5.04300822342361;5.05764427720126
54.44406;18.65269;2016-12-20 09:55:02;0;0
54.44406;18.65269;2016-12-20 09:55:07;0;0
54.44406;18.65269;2016-12-20 09:57:01;3.57774035246565;3.58261508042989
54.44403;18.65267;2016-12-20 10:01:02;0;0
54.44403;18.65267;2016-12-20 10:03:02;0;0
54.44403;18.65267;2016-12-20 10:03:06;2.81528323117782;2.82370075288644
54.44402;18.65271;2016-12-20 10:05:02;2.23589181387986;2.24211147949174
54.44403;18.65268;2016-12-20 10:07:02;3.23298112851154;3.24379701201937
54.44403;18.65263;2016-12-20 10:11:02;2.58638490235681;2.59503760901626
54.44403;18.65259;2016-12-20 10:13:02;0;0
54.44403;18.65259;2016-12-20 10:15:02;1.93978867702469;1.94627820693507
54.44403;18.65256;2016-12-20 10:17:02;13.2802728618193;13.2990062818368
54.44414;18.65248;2016-12-20 10:25:02;0;0
54.44414;18.65248;2016-12-20 10:27:02;0;0
54.44414;18.65248;2016-12-20 10:27:06;5.62263308000714;5.63693189155872
54.44417;18.65255;2016-12-20 10:29:02;0;0
54.44417;18.65255;2016-12-20 10:29:07;7.85595225101253;7.87900584679632
54.4442;18.65266;2016-12-20 10:31:02;0;0
54.4442;18.65266;2016-12-20 10:33:02;0;0
54.4442;18.65266;2016-12-20 10:33:06;6.70765201689341;6.7263110288587
54.44423;18.65275;2016-12-20 10:35:02;0;0
54.44423;18.65275;2016-12-20 10:37:02;0;0
54.44423;18.65275;2016-12-20 10:39:02;10.2565361321037;10.2883767166731
54.4442;18.6529;2016-12-20 10:41:01;0;0
54.4442;18.6529;2016-12-20 10:41:06;1.28627931714037;1.28839029522113
54.44419;18.65291;2016-12-20 10:43:02;0;0
54.44419;18.65291;2016-12-20 10:43:06;0;0
54.44419;18.65291;2016-12-20 10:45:02;4.22104373741179;4.22915362327515
54.44422;18.65287;2016-12-20 10:49:02;4.63197887545453;4.63773273334563
54.44426;18.65289;2016-12-20 10:53:02;4.63197852281511;4.63773240732121
54.4443;18.65291;2016-12-20 10:57:01;0;0
54.4443;18.65291;2016-12-20 10:57:06;7.8903389779725;7.89922004876249
54.44437;18.65293;2016-12-20 10:59:02;0;0
54.44437;18.65293;2016-12-20 10:59:07;2.81526292392352;2.82368044182614
54.44438;18.65297;2016-12-20 11:01:02;18.9705851302343;19.0089356241201
54.44451;18.65316;2016-12-20 11:07:03;0;0
54.44451;18.65316;2016-12-20 11:09:02;7.59392302024958;7.61004768897416
54.44456;18.65324;2016-12-20 11:11:02;NA;0
